star_x_au,star_z_au,planet_x_au,planet_z_au
-7.814776994831275359e-03,-7.637788461344103066e-03,2.419591414592811685e+00,2.364792674156561691e+00
-7.773722409123467146e-03,-7.674943592065448794e-03,2.406880197986889680e+00,2.376296551408708879e+00
-7.732186154795622768e-03,-7.711623173884250664e-03,2.394019848365592562e+00,2.387653190416876292e+00
-7.690170325257159392e-03,-7.747824455056022755e-03,2.381011013885031335e+00,2.398861739192920783e+00
-7.647676996087193584e-03,-7.783544655814313325e-03,2.367854337180741009e+00,2.409921337072613134e+00
-7.604708225612914589e-03,-7.818780967636031198e-03,2.354550455546762233e+00,2.420831114488160463e+00
-7.561266055487811041e-03,-7.853530552497631906e-03,2.341100001114664764e+00,2.431590192737917100e+00
-7.517352511270118838e-03,-7.887790542121648346e-03,2.327503601032648639e+00,2.442197683753098314e+00
-7.472969603001994136e-03,-7.921558037213104544e-03,2.313761877644861631e+00,2.452652689861349877e+00
-7.428119325789800907e-03,-7.954830106685257390e-03,2.299875448671071965e+00,2.462954303547037593e+00
-7.382803660385997904e-03,-7.987603786874200584e-03,2.285844927386828207e+00,2.473101607208066266e+00
-7.337024573773097760e-03,-8.019876080741759200e-03,2.271670922804261306e+00,2.483093672909084226e+00
-7.290784019750143168e-03,-8.051643957066182203e-03,2.257354039853672667e+00,2.492929562130909105e+00
-7.244083939522213619e-03,-8.082904349620060463e-03,2.242894879566049493e+00,2.502608325515992327e+00
-7.196926262293400732e-03,-8.113654156334925566e-03,2.228294039256665027e+00,2.512129002609769568e+00
-7.149312905863831544e-03,-8.143890238451955213e-03,2.213552112709928021e+00,2.521490621597705317e+00
-7.101245777231183880e-03,-8.173609419658240532e-03,2.198669690365617324e+00,2.530692199037857026e+00
-7.052726773197251497e-03,-8.202808485207959549e-03,2.183647359506689867e+00,2.539732739588785204e+00
-7.003757780980107185e-03,-8.231484181027910393e-03,2.168485704448812168e+00,2.548611235732606062e+00
-6.954340678832394637e-03,-8.259633212806760660e-03,2.153185306731801862e+00,2.557326667493006855e+00
-6.904477336666342384e-03,-8.287252245067379744e-03,2.137746745313134689e+00,2.565878002148027637e+00
-6.854169616686072233e-03,-8.314337900221593219e-03,2.122170596763725214e+00,2.574264193937390033e+00
-6.803419374027815450e-03,-8.340886757606701812e-03,2.106457435466142059e+00,2.582484183764195418e+00
-6.752228457408643823e-03,-8.366895352503100555e-03,2.090607833815474326e+00,2.590536898890752671e+00
-6.700598709784391302e-03,-8.392360175132245262e-03,2.074622362423026445e+00,2.598421252628340117e+00
-6.648531969017386356e-03,-8.417277669634289777e-03,2.058501590323067454e+00,2.606136144020657852e+00
-6.596030068554714978e-03,-8.441644233024611643e-03,2.042246085182830129e+00,2.613680457520754175e+00
-6.543094838117718623e-03,-8.465456214128504533e-03,2.025856413515990884e+00,2.621053062661187205e+00
-6.489728104403443519e-03,-8.488709912493222140e-03,2.009333140899852044e+00,2.628252813717169456e+00
-6.435931691798821991e-03,-8.511401577276546046e-03,1.992676832196465853e+00,2.635278549362456424e+00
-6.381707423108375077e-03,-8.533527406111096961e-03,1.975888051777938914e+00,2.642129092317710537e+00
-6.327057120296235293e-03,-8.555083543943473381e-03,1.958967363756180635e+00,2.648803248991086434e+00
-6.271982605243369910e-03,-8.576066081847374609e-03,1.941915332217352130e+00,2.655299809110745368e+00
-6.216485700520866034e-03,-8.596471055809773096e-03,1.924732521461286483e+00,2.661617545349036273e+00
-6.160568230180199500e-03,-8.616294445489166426e-03,1.907419496246170132e+00,2.667755212938029086e+00
-6.104232020561461622e-03,-8.635532172945013796e-03,1.889976822038785587e+00,2.673711549276127197e+00
-6.047478901120515241e-03,-8.654180101337260664e-03,1.872405065270614788e+00,2.679485273525413991e+00
-5.990310705276137397e-03,-8.672234033594981850e-03,1.854704793600123303e+00,2.685075086199443017e+00
-5.932729271278212868e-03,-8.689689711053022458e-03,1.836876576181575516e+00,2.690479668741121433e+00
-5.874736443098126960e-03,-8.706542812055580172e-03,1.818920983940709224e+00,2.695697683090350516e+00
-5.816334071342512020e-03,-8.722788950525516352e-03,1.800838589857652661e+00,2.700727771241060005e+00
-5.757524014191594923e-03,-8.738423674498287455e-03,1.782629969257450320e+00,2.705568554787291191e+00
-5.698308138363417964e-03,-8.753442464619204388e-03,1.764295700108603926e+00,2.710218634457918441e+00
-5.638688320105289704e-03,-8.767840732602800308e-03,1.745836363330041330e+00,2.714676589639641868e+00
-5.578666446213838802e-03,-8.781613819652953762e-03,1.727252543106946092e+00,2.718940977887832844e+00
-5.518244415085189584e-03,-8.794756994842450534e-03,1.708544827215905615e+00,2.723010334424817547e+00
-5.457424137796739946e-03,-8.807265453450551299e-03,1.689713807359853215e+00,2.726883171625158031e+00
-5.396207539222193025e-03,-8.819134315257099246e-03,1.670760079513299079e+00,2.730557978487478721e+00
-5.334596559181525345e-03,-8.830358622791703582e-03,1.651684244278378566e+00,2.734033220092381811e+00
-5.272593153627623541e-03,-8.840933339536380386e-03,1.632486907252260533e+00,2.737307337045955080e+00
-5.210199295871505674e-03,-8.850853348080067046e-03,1.613168679406491002e+00,2.740378744908375630e+00
-5.147416977848003235e-03,-8.860113448223311955e-03,1.593730177478877463e+00,2.743245833607092177e+00
-5.084248211424020197e-03,-8.868708355031415178e-03,1.574172024378541757e+00,2.745906966834037455e+00
-5.020695029751443862e-03,-8.876632696834202071e-03,1.554494849604811435e+00,2.748360481426328494e+00
-4.956759488667022463e-03,-8.883881013170537300e-03,1.534699289680641066e+00,2.750604686729851256e+00
-4.892443668141528874e-03,-8.890447752675693580e-03,1.514785988601301536e+00,2.752637863945151864e+00
-4.827749673780738771e-03,-8.896327270909502177e-03,1.494755598299106758e+00,2.754458265454994059e+00
-4.762679638380813187e-03,-8.901513828123201744e-03,1.474608779124990443e+00,2.756064114132936282e+00
-4.697235723540866235e-03,-8.906001586962851782e-03,1.454346200347782725e+00,2.757453602632270684e+00
-4.631420121335607168e-03,-8.909784610107019179e-03,1.433968540672091008e+00,2.758624892654607308e+00
-4.565235056051122897e-03,-8.912856857836395919e-03,1.413476488775726292e+00,2.759576114197385799e+00
-4.498682785987003288e-03,-8.915212185532959271e-03,1.392870743867673511e+00,2.760305364779574777e+00
-4.431765605328222279e-03,-8.916844341106098387e-03,1.372152016267662367e+00,2.760810708644750644e+00
-4.364485846090357044e-03,-8.917746962343146844e-03,1.351321028008434455e+00,2.761090175940774660e+00
-4.296845880141897389e-03,-8.917913574181514369e-03,1.330378513461891288e+00,2.761141761875210321e+00
-4.228848121307656090e-03,-8.917337585899709831e-03,1.309325219990342903e+00,2.760963425845597730e+00
-4.160495027557467758e-03,-8.916012288224197183e-03,1.288161908624171126e+00,2.760553090543699017e+00
-4.091789103284635375e-03,-8.913930850349133586e-03,1.266889354767271492e+00,2.759908641032746690e+00
-4.022732901678794347e-03,-8.911086316865738863e-03,1.245508348931737563e+00,2.759027923796733006e+00
-3.953329027198185762e-03,-8.907471604598087012e-03,1.224019697503318183e+00,2.757908745760709213e+00
-3.883580138146553850e-03,-8.903079499341820871e-03,1.202424223539270809e+00,2.756548873281037704e+00
-3.813488949360249562e-03,-8.897902652502311799e-03,1.180722767600334011e+00,2.754946031104501092e+00
-3.743058235011373705e-03,-8.891933577628482674e-03,1.158916188618631660e+00,2.753097901295124217e+00
-3.672290831533215477e-03,-8.885164646838555891e-03,1.137005364803437057e+00,2.751002122127515825e+00
-3.601189640674534991e-03,-8.877588087133682707e-03,1.114991194586836931e+00,2.748656286945502014e+00
-3.529757632689704133e-03,-8.869195976595307951e-03,1.092874597611448229e+00,2.746057942984772016e+00
-3.457997849672055785e-03,-8.859980240462002679e-03,1.070656515762486327e+00,2.743204590158191625e+00
-3.385913409038319218e-03,-8.849932647081303061e-03,1.048337914246604718e+00,2.740093679802420912e+00
-3.313507507172440587e-03,-8.839044803731863076e-03,1.025919782720087436e+00,2.736722613384382274e+00
-3.240783423237623886e-03,-8.827308152311162670e-03,1.003403136469120716e+00,2.733088741166098234e+00
-3.167744523165959888e-03,-8.814713964883740677e-03,9.807890176450535513e-01,2.729189360826348665e+00
-3.094394263835601247e-03,-8.801253339084765676e-03,9.580784965577242573e-01,2.725021716037535846e+00
-3.020736197446061665e-03,-8.786917193373581028e-03,9.352726730301280655e-01,2.720582994996094239e+00
-2.946773976102886640e-03,-8.771696262131582766e-03,9.123726778179136465e-01,2.715870328904713915e+00
-2.872511356623659758e-03,-8.755581090598712687e-03,8.893796740974038162e-01,2.710880790404587071e+00
-2.797952205578064806e-03,-8.738562029642482978e-03,8.662948590260881598e-01,2.705611391955807576e+00
-2.723100504575552347e-03,-8.720629230353353287e-03,8.431194653797779992e-01,2.700059084164005530e+00
-2.647960355815053186e-03,-8.701772638460000125e-03,8.198547632708909072e-01,2.694220754051218414e+00
-2.572535987912081927e-03,-8.681981988557808602e-03,7.965020619526292922e-01,2.688093223268929854e+00
-2.496831762019651943e-03,-8.661246798143677067e-03,7.730627117141172233e-01,2.681673246251139009e+00
-2.420852178260443112e-03,-8.639556361449991090e-03,7.495381058719147171e-01,2.674957508305254805e+00
-2.344601882488889667e-03,-8.616899743070390721e-03,7.259296828636776500e-01,2.667942623638520860e+00
-2.268085673403064193e-03,-8.593265771369757236e-03,7.022389284501222573e-01,2.660625133317632507e+00
-2.191308510027638063e-03,-8.568643031670510751e-03,6.784673780318777325e-01,2.653001503159094110e+00
-2.114275519590591568e-03,-8.543019859207185221e-03,6.546166190882550806e-01,2.645068121547834661e+00
-2.036992005817958584e-03,-8.516384331840959332e-03,6.306882937454452165e-01,2.636821297181496160e+00
-1.959463457672557234e-03,-8.488724262525578976e-03,6.066841014821817701e-01,2.628257256737758230e+00
-1.881695558564471654e-03,-8.460027191515961248e-03,5.826058019814666089e-01,2.619372142461976249e+00
-1.803694196063008711e-03,-8.430280378310471556e-03,5.584552181375631585e-01,2.610162009672376993e+00
-1.725465472141966177e-03,-8.399470793317770009e-03,5.342342392281078656e-01,2.600622824179967374e+00
-1.647015713992315512e-03,-8.367585109238861313e-03,5.099448242619071259e-01,2.590750459620264845e+00
-1.568351485438875242e-03,-8.334609692154909544e-03,4.855890055137381811e-01,2.580540694693930437e+00
-1.489479599000186408e-03,-8.300530592311193556e-03,4.611688922582974914e-01,2.569989210313321948e+00
-1.410407128633682072e-03,-8.265333534587568365e-03,4.366866747163279383e-01,2.559091586651977224e+00
-1.331141423211335863e-03,-8.229003908645667748e-03,4.121446282269141115e-01,2.547843300094021046e+00
-1.251690120774325617e-03,-8.191526758743163106e-03,3.875451176609754356e-01,2.536239720080480264e+00
-1.172061163618879796e-03,-8.152886773205452603e-03,3.628906020921078834e-01,2.524276105849533547e+00
-1.092262814269395277e-03,-8.113068273545250009e-03,3.381836397421401075e-01,2.511947603067750112e+00
-1.012303672399172136e-03,-8.072055203220835848e-03,3.134268932200883206e-01,2.499249240349442847e+00
-9.321926927637155151e-04,-8.029831116024019680e-03,2.886231350746192303e-01,2.486175925661384234e+00
-8.519392042165477687e-04,-7.986379164089342855e-03,2.637752536816785898e-01,2.472722442610239213e+00
-7.715529298828996321e-04,-7.941682085516590592e-03,2.388862594906170644e-01,2.458883446610284018e+00
-6.910440085725135006e-04,-7.895722191599494066e-03,2.139592916539687639e-01,2.444653460929188338e+00
-6.104230175191844741e-04,-7.848481353654420886e-03,1.889976250680101000e-01,2.430026872609948096e+00
-5.297009965415834390e-04,-7.799940989443985943e-03,1.640046778533722216e-01,2.414997928267395899e+00
-4.488894737274340754e-04,-7.750082049191997849e-03,1.389840193073110797e-01,2.399560729758186906e+00
-3.680004927512956045e-04,-7.698885001187808462e-03,1.139393783617697470e-01,2.383709229723654843e+00
-2.870466419450899156e-04,-7.646329816980297969e-03,8.887465258412113878e-02,2.367437227005606548e+00
-2.060410852501783779e-04,-7.592395956164089792e-03,6.379391776047171891e-02,2.350738361935872600e+00
-1.249975951903116239e-04,-7.537062350763626233e-03,3.870143810466226270e-02,2.333606111501346003e+00
-4.393058801621111591e-05,-7.480307389224245124e-03,1.360167713964414819e-02,2.316033784387332872e+00
3.714483881500632773e-05,-7.422108900023375450e-03,-1.150069069823641058e-02,2.298014515903302080e+00
1.182128666488008184e-04,-7.362444134920058739e-03,-3.660076767731793024e-02,2.279541262796633827e+00
1.992569129390688563e-04,-7.301289751866466525e-03,-6.169341955177218978e-02,2.260606797961736802e+00
2.802595856433234291e-04,-7.238621797611979707e-03,-8.677326144155569909e-02,2.241203705053961936e+00
3.612026344821485445e-04,-7.174415690038055300e-03,-1.118346427414857458e-01,2.221324373020171272e+00
4.420668988188575775e-04,-7.108646200271402475e-03,-1.368716309838723943e-01,2.200960990560659525e+00
5.228322518945762538e-04,-7.041287434633475284e-03,-1.618779945727268077e-01,2.180105540540410392e+00
6.034775411314433069e-04,-6.972312816496933907e-03,-1.868471843005894140e-01,2.158749794371533692e+00
6.839805241921221570e-04,-6.901695068134038567e-03,-2.117723135514382460e-01,2.136885306393214279e+00
7.643178004571754038e-04,-6.829406192658867697e-03,-2.366461370848877421e-01,2.114503408280705710e+00
8.444647375529319884e-04,-6.755417456184843912e-03,-2.614610282879333836e-01,2.091595203520988377e+00
9.243953925310660841e-04,-6.679699370341817856e-03,-2.862089547707734050e-01,2.068151561999756805e+00
1.004082427267070357e-03,-6.602221675323425784e-03,-3.108814521726980806e-01,2.044163114752581833e+00
1.083497017607938651e-03,-6.522953323666184737e-03,-3.354695960326264936e-01,2.019620248942637364e+00
1.162608755759537722e-03,-6.441862464997457662e-03,-3.599639715665320372e-01,1.994513103138402244e+00
1.241385545361153820e-03,-6.358916432030889410e-03,-3.843546411806902929e-01,1.968831562977603644e+00
1.319793488648447755e-03,-6.274081728135947299e-03,-4.086311095353593048e-01,1.942565257318531913e+00
1.397796765056408394e-03,-6.187324016864076230e-03,-4.327822859581340609e-01,1.915703554997149061e+00
1.475357500560821366e-03,-6.098608113878669669e-03,-4.567964439897840290e-01,1.888235562328476336e+00
1.552435627000270943e-03,-6.007897981811232031e-03,-4.806611778278885305e-01,1.860150121513963528e+00
1.628988730560871180e-03,-5.915156728653236246e-03,-5.043633554150638298e-01,1.831435810143584142e+00
1.704971888543005019e-03,-5.820346610394286010e-03,-5.278890678990947327e-01,1.802080942012655562e+00
1.780337493463730490e-03,-5.723429038734411875e-03,-5.512235751719689603e-01,1.772073569509702295e+00
1.855035063480815543e-03,-5.624364594834251919e-03,-5.743512471738476677e-01,1.741401487873748710e+00
1.929011038055466120e-03,-5.523113050224378109e-03,-5.972555006266774269e-01,1.710052241668214679e+00
2.002208557702030937e-03,-5.419633396177541383e-03,-6.199187308408546926e-01,1.678013133875072782e+00
2.074567226606026295e-03,-5.313883883058896987e-03,-6.423222382176191347e-01,1.645271238078369613e+00
2.146022856829137189e-03,-5.205822071413851101e-03,-6.644461490504570689e-01,1.611813414281909607e+00
2.216507192764598060e-03,-5.095404896835772739e-03,-6.862693302116742444e-01,1.577626328993434246e+00
2.285947614462677333e-03,-4.982588750982383519e-03,-7.077692972967880580e-01,1.542696480308710871e+00
2.354266818419482616e-03,-4.867329581486144925e-03,-7.289221157911651705e-01,1.507010228845534039e+00
2.421382474419886324e-03,-4.749583013937504726e-03,-7.497022948226010897e-01,1.470553835511867025e+00
2.487206857056323966e-03,-4.629304499618049074e-03,-7.700826730731049619e-01,1.433313507246605445e+00
2.551646450621083279e-03,-4.506449493231521643e-03,-7.900342964466530171e-01,1.395275452048204468e+00
2.614601526205342572e-03,-4.380973665532965355e-03,-8.095262871316675213e-01,1.356425944808374195e+00
2.675965690052311066e-03,-4.252833156498587661e-03,-8.285257037632609567e-01,1.316751405697891286e+00
2.735625402527803399e-03,-4.121984875519729176e-03,-8.469973924881279981e-01,1.276238493111892636e+00
2.793459467518834716e-03,-3.988386856050941953e-03,-8.649038288734344215e-01,1.234874213475111837e+00
2.849338492685528097e-03,-3.851998673200019308e-03,-8.822049507913820587e-01,1.192646050535047131e+00
2.903124321818543151e-03,-3.712781933918927503e-03,-8.988579826671569961e-01,1.149542117133629526e+00
2.954669441647820791e-03,-3.570700850735310326e-03,-9.148172518165604838e-01,1.105551332844519230e+00
3.003816366874500696e-03,-3.425722911343156724e-03,-9.300339980411502783e-01,1.060663631290063913e+00
3.050397009034903732e-03,-3.277819657824286321e-03,-9.444561782175104891e-01,1.014870201401880001e+00
3.094232037145797001e-03,-3.126967590759167741e-03,-9.580282683418614997e-01,9.681637673493468377e-01
3.135130241030120203e-03,-2.973149214941555457e-03,-9.706910664045863557e-01,9.205389123111208383e-01
3.172887911901520544e-03,-2.816354244740323139e-03,-9.823815006083884693e-01,8.719924516762033173e-01
3.207288259324148072e-03,-2.656580988214460315e-03,-9.930324488488629919e-01,8.225238615901132588e-01
3.238100889194820906e-03,-2.493837929689054957e-03,-1.002572577088660211e+00,7.721357689480471409e-01
3.265081374044256479e-03,-2.328145530376082677e-03,-1.010926206315242215e+00,7.208345088985135263e-01
3.287970954823700442e-03,-2.159538265422080924e-03,-1.018013220208818570e+00,6.686307555488653076e-01
3.306496422481271669e-03,-1.988066913030064886e-03,-1.023749028476312661e+00,6.155402307174148158e-01
3.320370237994119209e-03,-1.813801106462933606e-03,-1.028044604015414087e+00,5.615844940782496186e-01
3.329290960915190674e-03,-1.636832152094603362e-03,-1.030806615600141640e+00,5.067918156790724993e-01
3.332944068502413822e-03,-1.457276105423119857e-03,-1.031937681497540504e+00,4.511981283285702582e-01
3.331003259395588258e-03,-1.275277081206325092e-03,-1.031336773108811666e+00,3.948480524722171037e-01
3.323132346444985022e-03,-1.091010752728210171e-03,-1.028899801022099103e+00,3.377959796262393621e-01
3.308987850999302923e-03,-9.046879678797016718e-04,-1.024520418249339926e+00,2.801071919793682863e-01
3.288222413431961342e-03,-7.165583757987583832e-04,-1.018091076184757027e+00,2.218589852639410165e-01
3.260489128969564290e-03,-5.269139174446249921e-04,-1.009504367053061902e+00,1.631417494986392158e-01
3.225446900447300359e-03,-3.360919878752888462e-04,-9.986546812159932118e-01,1.040599480848078268e-01
3.182766866589881085e-03,-1.444780298135942692e-04,-9.854401974803411735e-01,4.473292081981124907e-02
3.132139912132968912e-03,4.749272810831684205e-05,-9.697652083626807640e-01,-1.470457791213552849e-02
3.073285191926097663e-03,2.393347124625488736e-04,-9.515427593004754936e-01,-7.410220609896134292e-02
3.005959504673195049e-03,4.305129692165773577e-04,-9.306975509258249568e-01,-1.332943326311470944e-01
2.929967236359810531e-03,6.204459861035417721e-04,-9.071690177241596986e-01,-1.921009111568510730e-01
2.845170466826058443e-03,8.085106606259119619e-04,-8.809144572056991640e-01,-2.503290182625922955e-01
2.751498709270402184e-03,9.940496059015996137e-04,-8.519120454258888309e-01,-3.077751154907771292e-01
2.648957651036073103e-03,1.176380840372519710e-03,-8.201635432855022279e-01,-3.642280494426655690e-01
2.537636207527252559e-03,1.354809715338673717e-03,-7.856964805462622881e-01,-4.194727447511951146e-01
2.417711211541861190e-03,1.528642712162243652e-03,-7.485656077301537925e-01,-4.732944759362869291e-01
2.289449153442952179e-03,1.697202515501409440e-03,-7.088534349068748019e-01,-5.254835343412356252e-01
2.153204567034522343e-03,1.859843574662405682e-03,-6.666697319328012128e-01,-5.758400461990282881e-01
2.009414909045821422e-03,2.015967238235630028e-03,-6.221499430499183303e-01,-6.241786585799572462e-01
1.858592077232890279e-03,2.165035516796358361e-03,-5.754525607419508360e-01,-6.703328005640759590e-01
1.701311011283380319e-03,2.306582608579391038e-03,-5.267555963754511072e-01,-7.141582517913247496e-01
1.538196076138042623e-03,2.440223507315468325e-03,-4.762523642383653666e-01,-7.555358075979906607e-01
1.369906099936924566e-03,2.565659273320083228e-03,-4.241468490269175162e-01,-7.943729110378427993e-01
1.197119005347585183e-03,2.682678847595230086e-03,-3.706489474364668690e-01,-8.306042145597116733e-01
1.020516930897313185e-03,2.791157578637226515e-03,-3.159698614661597960e-01,-8.641911238814669050e-01
8.407726050093906152e-04,2.891052873025513718e-03,-2.603178795826281422e-01,-8.951204513363625326e-01
6.585375402284872164e-04,2.982397547349042739e-03,-2.038947214460269663e-01,-9.234023575133614159e-01
4.744323942850485671e-04,3.065291540991117725e-03,-1.468925535272585792e-01,-9.490677853906166472e-01
2.890396309955412402e-04,3.139892652506155908e-03,-8.949171679453823969e-02,-9.721655921559604341e-01
1.028984318899726273e-04,3.206406903358653259e-03,-3.185915126442375594e-02,-9.927595656522253398e-01
-8.349832744240223226e-05,3.265079033272957464e-03,2.585254017435077711e-02,-1.010925481571568696e+00
-2.697053104080378359e-04,3.316183512846984389e-03,8.350547353622068958e-02,-1.026748320803748005e+00
-4.553244793266381205e-04,3.360016339236507766e-03,1.409764094050688088e-01,-1.040319729236717006e+00
-6.400037067866334427e-04,3.396887772133876278e-03,1.981563229856335151e-01,-1.051735768688798034e+00
-8.234345441231775628e-04,3.427116077061041592e-03,2.549497131853309950e-01,-1.061094979722950304e+00
-1.005349417650827333e-03,3.451022273770221974e-03,3.112737345189354743e-01,-1.068496755659916309e+00
-1.185518480318080436e-03,3.468925838672271261e-03,3.670572223258493083e-01,-1.074040011975004649e+00
-1.363746301750297808e-03,3.481141279136648354e-03,4.222396679495948879e-01,-1.077822125641539452e+00
-1.539868537343330648e-03,3.487975480797932213e-03,4.767701874310397159e-01,-1.079938113810642086e+00
-1.713748679558643913e-03,3.489725723104239626e-03,5.306065156526400539e-01,-1.080480019390365864e+00
-1.885274962928250309e-03,3.486678260018071310e-03,5.837140480739250181e-01,-1.079536471605898384e+00
-2.054357468671555269e-03,3.479107369336417732e-03,6.360649442703139034e-01,-1.077192391652463277e+00
-2.220925454862029882e-03,3.467274783439822355e-03,6.876373013061001238e-01,-1.073528816445292078e+00
-2.384924923068102495e-03,3.451429424876927693e-03,7.384144003239802023e-01,-1.068622816751982452e+00
-2.546316421525054302e-03,3.431807380986671725e-03,7.883840263687144079e-01,-1.062547489335086359e+00
-2.705073077371940131e-03,3.408632062078319896e-03,8.375378591333156875e-01,-1.055372005927410539e+00
-2.861178845577899178e-03,3.382114497137017617e-03,8.858709307960611623e-01,-1.047161704787618941e+00
-3.014626959254805647e-03,3.352453729408341916e-03,9.333811462102272749e-01,-1.037978213180116294e+00
-3.165418564585817038e-03,3.319837281484424273e-03,9.800688602541338668e-01,-1.027879591373835666e+00
-3.313561523174174579e-03,3.284441665697794988e-03,1.025936507017418453e+00,-1.016920490669081412e+00
-3.459069364907957096e-03,3.246432920808648131e-03,1.070988275589681793e+00,-1.005152319565279395e+00
-3.601960375197108162e-03,3.205967160253349758e-03,1.115229827453132039e+00,-9.926234135082893095e-01
-3.742256801485385666e-03,3.163191120721960299e-03,1.158668050804827043e+00,-9.793792047395823985e-01
-3.879984165138948907e-03,3.118242702663754241e-03,1.201310847505369317e+00,-9.654623896461898003e-01
-4.015170666071366662e-03,3.071251496587925397e-03,1.243166948740409783e+00,-9.509130917125907523e-01
-4.147846668717891996e-03,3.022339290826745253e-03,1.284245755869308114e+00,-9.357690187330519604e-01
-4.278044259177959420e-03,2.971620557843376430e-03,1.324557203308717845e+00,-9.200656133810179993e-01
-4.405796864478425494e-03,2.919202917267465190e-03,1.364111640649836810e+00,-9.038361965730177250e-01
-4.531138925956682516e-03,2.865187574688600903e-03,1.402919731532116465e+00,-8.871121033267803657e-01
-4.654105619716632572e-03,2.809669735880816668e-03,1.440992367091547433e+00,-8.699228110123725655e-01
-4.774732617970631546e-03,2.752738996611842764e-03,1.478340592067963755e+00,-8.522960600439520862e-01
-4.893055885850177388e-03,2.694479708542736260e-03,1.514975541894077793e+00,-8.342579671686808362e-01
-5.009111508952150509e-03,2.634971321974216227e-03,1.550908389300789336e+00,-8.158331315869755684e-01
-5.122935547492469231e-03,2.574288706367849292e-03,1.586150299160608457e+00,-7.970447341914627115e-01
-5.234563913471841808e-03,2.512502449680958060e-03,1.620712390456029439e+00,-7.779146302462945917e-01
-5.344032267726020469e-03,2.449679137618065560e-03,1.654605704404489064e+00,-7.584634358482718053e-01
-5.451375934142385464e-03,2.385881613930115365e-03,1.687841177898325107e+00,-7.387106085200262351e-01
-5.556629828682385294e-03,2.321169222894654219e-03,1.720429621528883235e+00,-7.186745222861213866e-01
-5.659828401161179356e-03,2.255598035092639449e-03,1.752381701560479232e+00,-6.983725375774928468e-01
-5.761005588007457427e-03,2.189221057566037749e-03,1.783707925304013342e+00,-6.778210662999103464e-01
-5.860194774462573926e-03,2.122088429399239095e-03,1.814418629413162121e+00,-6.570356323894005479e-01
-5.957428764883473254e-03,2.054247603719801946e-03,1.844523970689645687e+00,-6.360309281628538924e-01
-6.052739759992147896e-03,1.985743517062696362e-03,1.874033919039263196e+00,-6.148208667561516627e-01
-6.146159340069156859e-03,1.916618746988946751e-03,1.902958252268311057e+00,-5.934186309256516134e-01
-6.237718453223049971e-03,1.846913658795853097e-03,1.931306552451593772e+00,-5.718367184722323859e-01
-6.327447407984070939e-03,1.776666542102781380e-03,1.959088203639305137e+00,-5.500869845306401995e-01
-6.415375869571581478e-03,1.705913738044695545e-03,1.986312390701355124e+00,-5.281806809508272638e-01
-6.501532859272319068e-03,1.634689757755616868e-03,2.012988099134870534e+00,-5.061284929824995116e-01
-6.585946756442680704e-03,1.563027392776459180e-03,2.039124115684136207e+00,-4.839405734593103525e-01
-6.668645302714147106e-03,1.490957817976361561e-03,2.064729029642664582e+00,-4.616265746651022073e-01
-6.749655608038212899e-03,1.418510687533878351e-03,2.089811234724818334e+00,-4.391956780513591174e-01
-6.829004158256811799e-03,1.345714224484222685e-03,2.114378931409738538e+00,-4.166566219625971179e-01
-6.906716823927286017e-03,1.272595304301167010e-03,2.138440129673715884e+00,-3.940177275147796476e-01
-6.982818870168359254e-03,1.199179532947129223e-03,2.162002652038671702e+00,-3.712869227609872924e-01
-7.057334967325928736e-03,1.125491319792344897e-03,2.185074136874472384e+00,-3.484717652684667377e-01
-7.130289202285673179e-03,1.051553945773709559e-03,2.207662041901517824e+00,-3.255794632217992035e-01
-7.201705090283917580e-03,9.773896271357922477e-04,2.229773647847582030e+00,-3.026168951582296485e-01
-7.271605587089303817e-03,9.030195750704943930e-04,2.251416062219475656e+00,-2.795906284331481362e-01
-7.340013101446283064e-03,8.284640515477999928e-04,2.272596223155770367e+00,-2.565069365062644380e-01
-7.406949507687363848e-03,7.537424216078352944e-04,2.293320903331766747e+00,-2.333718151321421963e-01
-7.472436158434877899e-03,6.788732023639495756e-04,2.313596713892186685e+00,-2.101909975324093016e-01
-7.536493897325077101e-03,6.038741089476212277e-04,2.333430108390772695e+00,-1.869699686211024614e-01
-7.599143071697712915e-03,5.287620976085380094e-04,2.352827386719202885e+00,-1.637139783492050638e-01
-7.660403545203339597e-03,4.535534061671315977e-04,2.371794699010537411e+00,-1.404280542294578937e-01
-7.720294710288344575e-03,3.782635920020204780e-04,2.390338049504798779e+00,-1.171170130979349855e-01
-7.778835500524518970e-03,3.029075677411654870e-04,2.408463300366418203e+00,-9.378547216464842851e-02
-7.836044402755770050e-03,2.274996348129593724e-04,2.426176175445076133e+00,-7.043785940155163072e-02
-7.891939469039696564e-03,1.520535150018833723e-04,2.443482263973018931e+00,-4.707842331272164837e-02
-7.946538328366068230e-03,7.658238014267725773e-05,2.460387024193307237e+00,-2.371124212819268606e-02
-7.999858198138060095e-03,1.098880077131576211e-06,2.476895786914604880e+00,-3.402324598671112874e-04
-8.051915895405284407e-03,-7.438483101146628961e-05,2.493013758989118589e+00,2.303084254488018540e-02
-8.102727847840440756e-03,-1.498570697795629722e-04,2.508746026711168753e+00,4.639836551887745880e-02
-8.152310104453878992e-03,-2.253066003212903868e-04,2.524097559134597102e+00,6.975885762947328650e-02
-8.200678346042293218e-03,-3.007226120912967135e-04,2.539073211307869560e+00,9.310897174305934887e-02
-8.247847895369590093e-03,-3.760946990671785962e-04,2.553677727426246769e+00,1.164454859733958098e-01
-8.293833727079435308e-03,-4.514128400722961171e-04,2.567915743900887726e+00,1.397652975892111349e-01
-8.338650477340189479e-03,-5.266673801853449886e-04,2.581791792345085046e+00,1.630654172582810535e-01
-8.382312453224093074e-03,-6.018490131682272546e-04,2.595310302478225584e+00,1.863429636067903683e-01
-8.424833641823356242e-03,-6.769487648485334906e-04,2.608475604948290894e+00,2.095951580742594911e-01
-8.466227719106572680e-03,-7.519579773973660963e-04,2.621291934073960217e+00,2.328193200456838696e-01
-8.506508058519525461e-03,-8.268682944473097676e-04,2.633763430507567005e+00,2.560128622437977675e-01
-8.545687739334879504e-03,-9.016716469991278241e-04,2.645894143820309186e+00,2.791732863655414509e-01
-8.583779554755704630e-03,-9.763602400692676436e-04,2.657688035011246619e+00,3.022981789478957348e-01
-8.620796019778061148e-03,-1.050926540033475824e-03,2.669148978941688899e+00,3.253852074492440405e-01
-8.656749378818148766e-03,-1.125363262624836476e-03,2.680280766696696571e+00,3.484321165333554293e-01
-8.691651613109649746e-03,-1.199663361547308486e-03,2.691087107875425044e+00,3.714367245439377796e-01
-8.725514447877094973e-03,-1.273820017668427645e-03,2.701571632812129753e+00,3.943969201585082462e-01
-8.758349359291112829e-03,-1.347826628757208076e-03,2.711737894729625342e+00,4.173106592110694679e-01
-8.790167581211464146e-03,-1.421676799735512161e-03,2.721589371827053849e+00,4.401759616737630498e-01
-8.820980111723813327e-03,-1.495364333413201673e-03,2.731129469303778201e+00,4.629909087883101737e-01
-8.850797719476121567e-03,-1.568883221679298265e-03,2.740361521321243998e+00,4.857536403386421564e-01
-8.879630949820555008e-03,-1.642227637123162181e-03,2.749288792904618361e+00,5.084623520566703414e-01
-8.907490130766677547e-03,-1.715391925061340167e-03,2.757914481786005290e+00,5.311152931536584632e-01
-8.934385378751691018e-03,-1.788370595947271413e-03,2.766241720191005893e+00,5.537107639701364104e-01
-8.960326604233303377e-03,-1.861158318142474731e-03,2.774273576570380762e+00,5.762471137377326302e-01
-8.985323517110826302e-03,-1.933749911029163365e-03,2.782013057278504231e+00,5.987227384467190827e-01
-9.009385631979857298e-03,-2.006140338445471741e-03,2.789463108200310959e+00,6.211360788134439037e-01
-9.032522273225861500e-03,-2.078324702425643142e-03,2.796626616328357517e+00,6.434856183421833187e-01
-9.054742579961852153e-03,-2.150298237228592379e-03,2.803506411291614153e+00,6.657698814762810224e-01
-9.076055510815162278e-03,-2.222056303639262202e-03,2.810105266837534810e+00,6.879874318337478867e-01
-9.096469848568282737e-03,-2.293594383528137128e-03,2.816425902268938408e+00,7.101368705227932843e-01
-9.115994204658492070e-03,-2.364908074655144680e-03,2.822470983837173986e+00,7.322168345330211103e-01
-9.134637023540951445e-03,-2.435993085704986089e-03,2.828243126093009430e+00,7.542259951982825950e-01
-9.152406586919745526e-03,-2.506845231541718257e-03,2.833744893196643133e+00,7.761630567274112602e-01
-9.169311017851310142e-03,-2.577460428671103990e-03,2.838978800188185048e+00,7.980267547992880850e-01
-9.185358284724397943e-03,-2.647834690899918825e-03,2.843947314219934075e+00,8.198158552188860027e-01
-9.200556205120773157e-03,-2.717964125182036408e-03,2.848652855751707680e+00,8.415291526311461379e-01
-9.214912449560562838e-03,-2.787844927641676841e-03,2.853097799710477833e+00,8.631654692897066106e-01
-9.228434545136166012e-03,-2.857473379764779216e-03,2.857284476615483015e+00,8.847236538776831472e-01
-9.241129879038408740e-03,-2.926845844749936636e-03,2.861215173669996670e+00,9.062025803778567257e-01
-9.253005701978582812e-03,-2.995958764010838056e-03,2.864892135820838792e+00,9.276011469897671446e-01
-9.264069131509825375e-03,-3.064808653822598521e-03,2.868317566786744433e+00,9.489182750913596198e-01
-9.274327155251260377e-03,-3.133392102104787334e-03,2.871493630056609181e+00,9.701529082429528605e-01
-9.283786634018102377e-03,-3.201705765334348416e-03,2.874422449858621054e+00,9.913040112314264185e-01
-9.292454304860911160e-03,-3.269746365581993521e-03,2.877106112101274427e+00,1.012370569152635236e+00
-9.300336784017032912e-03,-3.337510687665983314e-03,2.879546665287178620e+00,1.033351586530171229e+00
-9.307440569777147496e-03,-3.404995576417547010e-03,2.881746121400595939e+00,1.054246086468688892e+00
-9.313772045269756369e-03,-3.472197934052496590e-03,2.883706456769571602e+00,1.075053109840113263e+00
-9.319337481166395376e-03,-3.539114717643879540e-03,2.885429612903506413e+00,1.095771714501124539e+00
-9.324143038310141532e-03,-3.605742936690786021e-03,2.886917497306995539e+00,1.116400974540423530e+00
-9.328194770270045386e-03,-3.672079650778688718e-03,2.888171984270717196e+00,1.136939979554328239e+00
-9.331498625823874196e-03,-3.738121967326909177e-03,2.889194915640144412e+00,1.157387833949352629e+00
-9.334060451371608419e-03,-3.803867039419083721e-03,2.889988101562797507e+00,1.177743656270478834e+00
-9.335885993281951845e-03,-3.869312063712639516e-03,2.890553321214767823e+00,1.198006578553896917e+00
-9.336980900174094919e-03,-3.934454278423574550e-03,2.890892323507189499e+00,1.218175745703054647e+00
-9.337350725136830260e-03,-3.999290961382950642e-03,2.891006827773315635e+00,1.238250314886915060e+00
-9.337000927887117649e-03,-4.063819428161735865e-03,2.890898524436853023e+00,1.258229454959376437e+00
-9.335936876870107315e-03,-4.128037030260783662e-03,2.890569075662160259e+00,1.278112345898856583e+00
-9.334163851302482856e-03,-4.191941153362895543e-03,2.890020115986904781e+00,1.297898178267101743e+00
-9.331687043161051090e-03,-4.255529215644062585e-03,2.889253252937765026e+00,1.317586152686316625e+00
-9.328511559118323956e-03,-4.318798666141119257e-03,2.888270067629719939e+00,1.337175479333761130e+00
-9.324642422426842811e-03,-4.381746983173191029e-03,2.887072115349471169e+00,1.356665377453004417e+00
-9.320084574753926057e-03,-4.444371672814415204e-03,2.885660926123507775e+00,1.376055074881051610e+00
-9.314842877968429122e-03,-4.506670267415569670e-03,2.884038005271322369e+00,1.395343807590615492e+00
-9.308922115881095374e-03,-4.568640324172324949e-03,2.882204833944254307e+00,1.414530819246821336e+00
-9.302326995940008933e-03,-4.630279423737958949e-03,2.880162869650428004e+00,1.433615360777677816e+00
-9.295062150882585708e-03,-4.691585168878456211e-03,2.877913546766241115e+00,1.452596689957674991e+00
-9.287132140345530362e-03,-4.752555183168038350e-03,2.875458277034836030e+00,1.471474071003896489e+00
-9.278541452434098391e-03,-4.813187109723227920e-03,2.872798450051968544e+00,1.490246774184062151e+00
-9.269294505251999064e-03,-4.873478609973653716e-03,2.869935433739692066e+00,1.508914075435951130e+00
-9.259395648393183020e-03,-4.933427362467886212e-03,2.866870574808244587e+00,1.527475255997665204e+00
-9.248849164396777400e-03,-4.993031061712648218e-03,2.863605199206519458e+00,1.545929602048228269e+00
-9.237659270166323836e-03,-5.052287417043842960e-03,2.860140612561486773e+00,1.564276404358038164e+00
-9.225830118354485035e-03,-5.111194151527890389e-03,2.856478100606920645e+00,1.582514957948699452e+00
-9.213365798714335392e-03,-5.169749000891933621e-03,2.852618929601785869e+00,1.600644561761799034e+00
-9.200270339418283386e-03,-5.227949712481544213e-03,2.848564346738597930e+00,1.618664518336190961e+00
-9.186547708345725594e-03,-5.285794044244607019e-03,2.844315580542102762e+00,1.636574133493390759e+00
-9.172201814340362122e-03,-5.343279763740097464e-03,2.839873841258564902e+00,1.654372716030676038e+00
-9.157236508438238581e-03,-5.400404647170580288e-03,2.835240321235986904e+00,1.672059577421529220e+00
-9.141655585067368084e-03,-5.457166478437214599e-03,2.830416195295538451e+00,1.689634031523053359e+00
-9.125462783219930735e-03,-5.513563048216191427e-03,2.825402621094487365e+00,1.707095394290020662e+00
-9.108661787597895423e-03,-5.569592153055504848e-03,2.820200739480901220e+00,1.724442983495213300e+00
-9.091256229732922606e-03,-5.625251594491017561e-03,2.814811674840396183e+00,1.741676118455746547e+00
-9.073249689081425845e-03,-5.680539178180849490e-03,2.809236535435177373e+00,1.758794119765057617e+00
-9.054645694095538044e-03,-5.735452713057109277e-03,2.803476413735639383e+00,1.775796309030269526e+00
-9.035447723270839324e-03,-5.789990010494070957e-03,2.797532386744751243e+00,1.792682008614639111e+00
-9.015659206171554307e-03,-5.844148883491873808e-03,2.791405516315484281e+00,1.809450541384823197e+00
-8.995283524433997716e-03,-5.897927145874929181e-03,2.785096849461487167e+00,1.826101230462684910e+00
-8.974324012748967350e-03,-5.951322611504169559e-03,2.778607418661259487e+00,1.842633398981395443e+00
-8.952783959823790508e-03,-6.004333093502355750e-03,2.771938242156018806e+00,1.859046369845577029e+00
-8.930666609324733329e-03,-6.056956403491685001e-03,2.765090324241477049e+00,1.875339465495247770e+00
-8.907975160800380224e-03,-6.109190350842920274e-03,2.758064655553744693e+00,1.891512007673345597e+00
-8.884712770586685945e-03,-6.161032741935340735e-03,2.750862213349547059e+00,1.907563317196592667e+00
-8.860882552694286651e-03,-6.212481379426803077e-03,2.743483961780952995e+00,1.923492713729491266e+00
-8.836487579678723933e-03,-6.263534061533238863e-03,2.735930852164809135e+00,1.939299515561247578e+00
-8.811530883494129995e-03,-6.314188581316907030e-03,2.728203823247057791e+00,1.954983039385401078e+00
-8.786015456331012358e-03,-6.364442725982794383e-03,2.720303801462127247e+00,1.970542600081978124e+00
-8.759944251438660234e-03,-6.414294276182514430e-03,2.712231701187564958e+00,1.985977510501963694e+00
-8.733320183932745048e-03,-6.463741005325090473e-03,2.703988424994084649e+00,2.001287081253912969e+00
-8.706146131588664988e-03,-6.512780678894053085e-03,2.695574863891200934e+00,2.016470620492508914e+00
-8.678424935621180045e-03,-6.561411053770265650e-03,2.686991897568612675e+00,2.031527433708898212e+00
-8.650159401450790292e-03,-6.609629877559898559e-03,2.678240394633494059e+00,2.046456823522622592e+00
-8.621352299457457624e-03,-6.657434887927023842e-03,2.669321212843858149e+00,2.061258089474974575e+00
-8.592006365722113306e-03,-6.704823811930268190e-03,2.660235199338134127e+00,2.075930527823615979e+00
-8.562124302756428385e-03,-6.751794365363019551e-03,2.650983190861128325e+00,2.090473431338293775e+00
-8.531708780221396865e-03,-6.798344252096638271e-03,2.641566013986496930e+00,2.104886089097487645e+00
-8.500762435635104627e-03,-6.844471163426185320e-03,2.631984485335897350e+00,2.119167786285836907e+00
-8.469287875070263469e-03,-6.890172777418161927e-03,2.622239411794943909e+00,2.133317803992185624e+00
-8.437287673841838143e-03,-6.935446758259767967e-03,2.612331590726121977e+00,2.147335419008101542e+00
-8.404764377185349258e-03,-6.980290755609172559e-03,2.602261810178789325e+00,2.161219903626717453e+00
-8.371720500926174702e-03,-7.024702403946355388e-03,2.592030849096413014e+00,2.174970525441727087e+00
-8.338158532140371726e-03,-7.068679321924007872e-03,2.581639477521169290e+00,2.188586547146423200e+00
-8.304080929807427375e-03,-7.112219111718046625e-03,2.571088456796043253e+00,2.202067226332599770e+00
-8.269490125455331020e-03,-7.155319358377265626e-03,2.560378539764559758e+00,2.215411815289195285e+00
-8.234388523798466877e-03,-7.197977629171666523e-03,2.549510470968280984e+00,2.228619560800523480e+00
-8.198778503368645693e-03,-7.240191472939019532e-03,2.538484986842186153e+00,2.241689703943956058e+00
-8.162662417139790808e-03,-7.281958419429174385e-03,2.527302815908092359e+00,2.254621479886913971e+00
-8.126042593146642901e-03,-7.323275978645702421e-03,2.515964678966203572e+00,2.267414117683021146e+00
-8.088921335097885856e-03,-7.364141640184377995e-03,2.504471289284954771e+00,2.280066840067298095e+00
-8.051300922984125710e-03,-7.404552872568100248e-03,2.492823352789249380e+00,2.292578863250229748e+00
-8.013183613681126860e-03,-7.444507122577743476e-03,2.481021568247231190e+00,2.304949396710591625e+00
-7.974571641548713202e-03,-7.484001814578531905e-03,2.469066627455717811e+00,2.317177642986882891e+00
-7.935467219025726243e-03,-7.523034349841467051e-03,2.456959215424407539e+00,2.329262797467229973e+00
-7.895872537221486007e-03,-7.561602105859354002e-03,2.444700010559004433e+00,2.341204048177609742e+00
-7.855789766504108623e-03,-7.599702435656970415e-03,2.432289684843377042e+00,2.353000575568275465e+00
-7.815221057086152445e-03,-7.637332667094936731e-03,2.419728904020874705e+00,2.364651552298214554e+00
